{
  "$schema": "http://json-schema.org/draft-04/schema#",
  "type": "object",
  "properties": {
    "invoicetype": {
      "type": "string"
    },
    "originalinvoicenumber": {
      "type": "string"
    },
    "originalinvoicedate": {
      "type": "string"
    },
    "flightNo": {
      "type": "string"
    },
    "from": {
      "type": "string"
    },
    "to": {
      "type": "string"
    },
    "pnr": {
      "type": "string"
    },
    "placeofsupply": {
      "type": "string"
    },
    "customergstin": {
      "type": "string"
    },
    "customername": {
      "type": "string"
    },
    "customeremail": {
      "type": "string"
    },
    "invoicenumber": {
      "type": "string"
    },
    "invoicedate": {
      "type": "string"
    },
    "paxname": {
      "type": "string"
    },
    "registeredaddress": {
      "type": "string"
    },
    "registeredgstin": {
      "type": "string"
    },
    "items": {
      "type": "array",
      "items": [
        {
          "type": "object",
          "properties": {
            "item": {
              "type": "string"
            },
            "saccode": {
              "type": "string"
            },
            "taxablevalue": {
              "type": "string",
              "pattern": "^-?\\d+\\.\\d{2}$"
            },
            "nontaxablevalue": {
              "type": "string",
              "pattern": "^-?\\d+\\.\\d{2}$"
            },
            "total": {
              "type": "string",
              "pattern": "^-?\\d+\\.\\d{2}$"
            },
            "igstperct": {
              "type": "string",
              "pattern": "^-?\\d+\\.\\d{2}$"
            },
            "igstamnt": {
              "type": "string",
              "pattern": "^-?\\d+\\.\\d{2}$"
            },
            "cgstperct": {
              "type": "string",
              "pattern": "^-?\\d+\\.\\d{2}$"
            },
            "cgstamnt": {
              "type": "string",
              "pattern": "^-?\\d+\\.\\d{2}$"
            },
            "sugstperct": {
              "type": "string",
              "pattern": "^-?\\d+\\.\\d{2}$"
            },
            "sugstamnt": {
              "type": "string",
              "pattern": "^-?\\d+\\.\\d{2}$"
            },
            "totaltax": {
              "type": "string",
              "pattern": "^-?\\d+\\.\\d{2}$"
            }
          },
          "required": [
            "item",
            "saccode",
            "taxablevalue",
            "nontaxablevalue",
            "total",
            "igstperct",
            "igstamnt",
            "cgstperct",
            "cgstamnt",
            "sugstperct",
            "sugstamnt",
            "totaltax"
          ]
        },
        {
          "type": "object",
          "properties": {
            "item": {
              "type": "string"
            },
            "saccode": {
              "type": "string"
            },
            "taxablevalue": {
              "type": "string",
              "pattern": "^-?\\d+\\.\\d{2}$"
            },
            "nontaxablevalue": {
              "type": "string",
              "pattern": "^-?\\d+\\.\\d{2}$"
            },
            "total": {
              "type": "string",
              "pattern": "^-?\\d+\\.\\d{2}$"
            },
            "igstperct": {
              "type": "string",
              "pattern": "^-?\\d+\\.\\d{2}$"
            },
            "igstamnt": {
              "type": "string",
              "pattern": "^-?\\d+\\.\\d{2}$"
            },
            "cgstperct": {
              "type": "string",
              "pattern": "^-?\\d+\\.\\d{2}$"
            },
            "cgstamnt": {
              "type": "string",
              "pattern": "^-?\\d+\\.\\d{2}$"
            },
            "sugstperct": {
              "type": "string",
              "pattern": "^-?\\d+\\.\\d{2}$"
            },
            "sugstamnt": {
              "type": "string",
              "pattern": "^-?\\d+\\.\\d{2}$"
            },
            "cessperct": {
              "type": "string",
              "pattern": "^-?\\d+\\.\\d{2}$"
            },
            "cessamnt": {
              "type": "string",
              "pattern": "^-?\\d+\\.\\d{2}$"
            },
            "totaltax": {
              "type": "string",
              "pattern": "^-?\\d+\\.\\d{2}$"
            }
          },
          "required": [
            "item",
            "saccode",
            "taxablevalue",
            "nontaxablevalue",
            "total",
            "igstperct",
            "igstamnt",
            "cgstperct",
            "cgstamnt",
            "sugstperct",
            "sugstamnt",
            "cessperct",
            "cessamnt",
            "totaltax"
          ]
        }
      ]
    },
    "gttaxablevalue": {
      "type": "string",
      "pattern": "^-?\\d+\\.\\d{2}$"
    },
    "gtnontaxablevalue": {
      "type": "string",
      "pattern": "^-?\\d+\\.\\d{2}$"
    },
    "gttotal": {
      "type": "string",
      "pattern": "^-?\\d+\\.\\d{2}$"
    },
    "gtigst": {
      "type": "string",
      "pattern": "^-?\\d+\\.\\d{2}$"
    },
    "gtcgst": {
      "type": "string",
      "pattern": "^-?\\d+\\.\\d{2}$"
    },
    "gtsugst": {
      "type": "string",
      "pattern": "^-?\\d+\\.\\d{2}$"
    },
    "gtcess": {
      "type": "string",
      "pattern": "^-?\\d+\\.\\d{2}$"
    },
    "gttotaltax": {
      "type": "string",
      "pattern": "^-?\\d+\\.\\d{2}$"
    }
  },
  "required": [
    "invoicetype",
    "flightNo",
    "from",
    "to",
    "pnr",
    "placeofsupply",
    "customergstin",
    "customername",
    "customeremail",
    "invoicenumber",
    "invoicedate",
    "paxname",
    "registeredaddress",
    "registeredgstin",
    "items",
    "gttaxablevalue",
    "gtnontaxablevalue",
    "gttotal",
    "gtigst",
    "gtcgst",
    "gtsugst",
    "gtcess",
    "gttotaltax"
  ]
}